"threshold","n_swapped","swapped_codes","estimate","se","p_value","n","n_clusters"
0.3,15,"11, 12, 13, 14, 21, 23, 24, 25, 26, 33, 34, 35, 41, 43, 44",3.92996670024786,2.81909608758402,0.171194253071212,246326,40
0.35,15,"11, 12, 13, 14, 21, 23, 24, 25, 26, 33, 34, 35, 41, 43, 44",3.92996670024786,2.81909608758402,0.171194253071212,246326,40
0.4,15,"11, 12, 13, 14, 21, 23, 24, 25, 26, 33, 34, 35, 41, 43, 44",3.92996670024786,2.81909608758402,0.171194253071212,246326,40
0.45,12,"11, 12, 13, 14, 23, 24, 25, 26, 33, 35, 41, 44",4.23867621352679,1.17738550184686,0.000886446272445197,246326,40
0.5,10,"11, 12, 13, 14, 23, 24, 25, 33, 41, 44",3.22404165894545,1.02227106232588,0.00309811934521004,246326,40
0.55,8,"11, 12, 14, 23, 24, 25, 33, 41",3.09597135226204,0.938711869918017,0.00208331564644334,246326,40
0.6,7,"11, 12, 14, 23, 24, 25, 41",2.9023216794526,0.729473823557573,0.000291892552752299,246326,40
0.65,6,"11, 12, 14, 23, 24, 41",2.47486669008163,0.673497687376859,0.000714535363129226,246326,40
0.7,4,"11, 12, 23, 41",2.65725827458687,0.565341658144437,3.20920386874851e-05,246326,40
0.75,2,"23, 41",2.3193733814802,0.504146796545032,4.37723976293487e-05,246326,40
0.8,2,"23, 41",2.3193733814802,0.504146796545032,4.37723976293487e-05,246326,40
0.85,2,"23, 41",2.3193733814802,0.504146796545032,4.37723976293487e-05,246326,40
0.9,0,"",0.671954517282529,0.883817083589582,0.451655184854183,246326,40
