"","hours_ddd_marita.."
" ","Hours DDD, marital-status interacted"
"Dependent Var.:","WorkHoursCont"
"  "," "
"Constant","32.32*** (1.611)"
"Mother","-1.617*** (0.3799)"
"Post","-0.2583 (0.3579)"
"WFH_Exposure","0.1332 (4.427)"
"MatzavMishpachti2","1.647 (1.605)"
"MatzavMishpachti3","0.8060 (0.7974)"
"MatzavMishpachti4","-1.077 (1.272)"
"MatzavMishpachti5","-0.3582 (0.6091)"
"Dat2","2.039 (1.246)"
"Dat3","-1.858* (0.9171)"
"Dat4","-1.345. (0.7245)"
"Dat5","1.525* (0.6853)"
"GilNK4","1.634*** (0.2470)"
"GilNK5","2.026*** (0.4465)"
"GilNK6","2.157*** (0.5832)"
"GilNK7","0.3037 (0.8262)"
"MachozMegurim2","1.953*** (0.3156)"
"MachozMegurim3","2.051*** (0.3121)"
"MachozMegurim4","3.116*** (0.2512)"
"MachozMegurim5","2.944*** (0.2694)"
"MachozMegurim6","2.642*** (0.3379)"
"MachozMegurim7","-0.1188 (0.3606)"
"TeudaGvohaHigh School (no matriculation)","1.545*** (0.3957)"
"TeudaGvohaMatriculation (Bagrut)","3.064*** (0.6916)"
"TeudaGvohaPost-secondary, non-academic","2.743** (0.8877)"
"TeudaGvohaAcademic Degree (BA/MA/PhD)","5.180*** (1.174)"
"TeudaGvohaOther/No Certificate","1.645. (0.9045)"
"Mother x Post","-0.3127 (0.3311)"
"Mother x WFH_Exposure","-0.4814 (1.188)"
"Post x WFH_Exposure","0.8244 (1.246)"
"Post x MatzavMishpachti2","-0.7601 (0.8712)"
"Post x MatzavMishpachti3","0.6925 (0.5777)"
"Post x MatzavMishpachti4","0.0739 (0.9819)"
"Post x MatzavMishpachti5","0.4974 (0.4731)"
"WFH_Exposure x MatzavMishpachti2","3.558 (6.125)"
"WFH_Exposure x MatzavMishpachti3","0.0966 (2.899)"
"WFH_Exposure x MatzavMishpachti4","-1.065 (4.783)"
"WFH_Exposure x MatzavMishpachti5","2.448 (2.046)"
"Mother x Post x WFH_Exposure","2.191. (1.273)"
"Post x WFH_Exposure x MatzavMishpachti2","6.149. (3.192)"
"Post x WFH_Exposure x MatzavMishpachti3","-2.791. (1.447)"
"Post x WFH_Exposure x MatzavMishpachti4","2.502 (5.957)"
"Post x WFH_Exposure x MatzavMishpachti5","-2.566. (1.286)"
"________________________________________","__________________"
"S.E.: Clustered","by: MishlachYad_.."
"Observations","246,326"
"R2","0.04128"
"Adj. R2","0.04112"
