"label","param","estimate","t_stat","p_boot","ci_low","ci_high","B","n_clusters","weights","null_imposed","seed"
"headline","Mother:Post:WFH_Exposure",3.22404165894545,3.15380311066063,0.0558055805580558,-0.264444703682666,5.84330401648398,9999,40,"rademacher",TRUE,20260922
"pretrend_2017","ShnatSeker::2017:MotherWFH",0.586601905807129,0.26226361367208,0.838083808380838,-5.04153445746181,5.17602950877929,9999,40,"rademacher",TRUE,20260922
"pretrend_2018","ShnatSeker::2018:MotherWFH",0.313440944143167,0.17963372732494,0.883688368836884,-4.0883251521303,3.81262955267892,9999,40,"rademacher",TRUE,20260922
"pretrend_2017_plus_2018","ShnatSeker::2017:MotherWFH + ShnatSeker::2018:MotherWFH",0.900042849950296,0.232590311368937,0.852285228522852,-8.65557863180717,8.74703714061413,9999,40,"rademacher",TRUE,20260922
"hours_ddd_external","Mother:Post:WFH_Exposure",0.671954517282529,0.760286861305201,0.577957795779578,-1.52414765053024,3.18846983876991,9999,40,"rademacher",TRUE,20260922
"hours_ddd_realized","Mother:Post:WFH_Exposure",5.19546201880758,2.19865342106489,0.0278027802780278,0.754034770613757,13.4746315541853,9999,36,"rademacher",TRUE,20260922
"hours_ddd_calib_men","Mother:Post:WFH_Exposure",3.86923697308862,3.95409143124996,0.0244024402440244,1.58106454157829,6.26766901564079,9999,40,"rademacher",TRUE,20260922
"hours_ddd_teaching_swap","Mother:Post:WFH_Exposure",1.93446171295727,3.72869182597319,0.002000200020002,0.832974265177589,3.18910030765553,9999,40,"rademacher",TRUE,20260922
"hours_ddd_swap_control","Mother:Post:WFH_Exposure",2.3394487079554,1.73014957679259,0.207420742074207,-2.27195538588497,5.8229104821135,9999,40,"rademacher",TRUE,20260922
"hours_ddd_swap_control","Mother:Post:Swapped",-1.34672920113076,-1.45486895051099,0.304130413041304,-4.67166399701558,2.76737770411472,9999,40,"rademacher",TRUE,20260922
"hours_ddd_age_interacted","Mother:Post:WFH_Exposure",3.20515391222693,3.03725411858984,0.0541054105410541,-0.188003377112813,5.93092539603078,9999,40,"rademacher",TRUE,20260922
"hours_ddd_reweighted","Mother:Post:WFH_Exposure",2.59741478585761,2.47389572121478,0.0539053905390539,-0.145322431296176,5.37660291777399,9999,40,"rademacher",TRUE,20260922
"hours_ddd_married_only","Mother:Post:WFH_Exposure",2.74341619699908,1.81447718877669,0.111911191119112,-0.559522587126903,6.56779256535229,9999,39,"rademacher",TRUE,20260922
"hours_ddd_marital_interacted","Mother:Post:WFH_Exposure",2.19115565647061,1.72105930840897,0.125412541254125,-0.583331360577682,5.48348508554173,9999,40,"rademacher",TRUE,20260922
"hours_ddd_unswapped","Mother:Post:WFH_Exposure",4.30913845059877,3.61390732573705,0.0201020102010201,1.27088926157543,7.63288936946414,9999,30,"rademacher",TRUE,20260922
"hours_ddd_ex2023","Mother:Post:WFH_Exposure",2.97890767630315,2.54589543942924,0.0739073907390739,-0.754959018988928,5.99644535143201,9999,39,"rademacher",TRUE,20260922
"hours_ddd_noimputed","Mother:Post:WFH_Exposure",3.05603350818751,2.88469256799375,0.0573057305730573,-0.243616893369015,5.77811501803732,9999,40,"rademacher",TRUE,20260922
"hours_ddd_fulltime","Mother:Post:WFH_Exposure",0.0964342088380015,3.31663854595977,0.0466046604660466,0.00881580497858355,0.17392967539673,9999,40,"rademacher",TRUE,20260922
"hours_ddd_longhours","Mother:Post:WFH_Exposure",0.107296507737139,2.82175344312806,0.0529052905290529,-0.00776305237264032,0.205582754754514,9999,40,"rademacher",TRUE,20260922
"hours_ddd_jewish","Mother:Post:WFH_Exposure",2.84652988805828,3.11933822323549,0.0643064306430643,-0.581840047007063,5.14695990869489,9999,40,"rademacher",TRUE,20260922
"hours_ddd_arab","Mother:Post:WFH_Exposure",5.5069276528784,2.05937577318531,0.143814381438144,-5.19423606271027,13.030884843758,9999,38,"rademacher",TRUE,20260922
"hours_gender_placebo_ddd","Mother:Post:WFH_Exposure",-1.76201659757749,-1.73551396667329,0.149414941494149,-4.42704160444716,0.674769181130445,9999,40,"rademacher",TRUE,20260922
"hours_ddd_child_age_0-4","Mother:Post:WFH_Exposure",3.65607763273317,3.38789798579385,0.0551055105510551,-0.29739021836313,6.25332298441462,9999,38,"rademacher",TRUE,20260922
"hours_ddd_child_age_5-9","Mother:Post:WFH_Exposure",3.21119744846249,2.45024839951623,0.0944094409440944,-0.992731235799889,6.67709583028459,9999,38,"rademacher",TRUE,20260922
"hours_ddd_child_age_10-14","Mother:Post:WFH_Exposure",2.74052364454974,1.79710417801266,0.0935093509350935,-0.725056336217035,6.97586691515438,9999,39,"rademacher",TRUE,20260922
"hours_ddd_child_age_15-17","Mother:Post:WFH_Exposure",1.8622259035119,1.99085707489493,0.102010201020102,-0.625368277851223,4.22420135724399,9999,39,"rademacher",TRUE,20260922
